"","X","Y"
"1",1.32054051174782,59.2042046403117
"2",-2.41045177285559,-127.413980979117
"3",2.42781955888495,-23.3958646884802
"4",4.7635702372063,-6.88768911408746
"5",1.61703790142201,77.2495872345585
"6",4.47705476405099,-39.8775632233417
"7",-0.574706308543682,70.0682885748709
"8",-1.04875840130262,-27.6185076329003
"9",5.84568958031014,206.883359695434
"10",-3.84563105157577,-202.211216492068
"11",-4.71081060753204,-72.8559304765405
"12",-0.812616803916171,-0.381334441380393
"13",-2.42103541828692,-167.521843785553
"14",0.461017429362983,56.0578274562415
"15",3.80523481359705,-49.1521146369719
"16",2.42284874268807,-7.36328657147512
"17",-0.288109565386549,98.7737093370208
"18",2.15975046553649,15.5984893172831
"19",2.8499488667585,-6.10066641543539
"20",-4.15252358443104,-194.727855786086
"21",0.491713084978983,-4.98756510301553
"22",2.11518645752221,34.9986913368
"23",3.40879512438551,-76.3751142777641
"24",-4.81218554824591,-36.4677152331371
"25",-0.713955423794687,38.1796251602515
"26",-0.879683710169047,9.67294011771251
"27",2.49505946994759,19.3562430852436
"28",-3.33049228857271,-264.131641696537
"29",5.92061682627536,287.950992569932
"30",5.468062533997,118.678263038008
"31",-4.32014575740322,-189.78373858858
"32",-4.80804417678155,-16.8404746491124
"33",5.33786267670803,100.433012423759
"34",-4.1240060145501,-202.03413785703
"35",-0.66796094388701,-17.1339172763537
"36",2.43711811793037,-40.4189174676459
"37",4.65403749607503,-53.8305219298006
"38",-0.977623676881194,22.251844997955
"39",-3.98107657348737,-184.995873511139
"40",-4.23965714056976,-135.216847010894
"41",3.65625972137786,-22.218833165796
"42",4.51446499628946,-31.259978873447
"43",-4.95855491654947,36.266384621277
"44",-1.53852646099404,-29.2672219016127
"45",-1.07679756358266,-22.7234113891214
"46",2.26701469998807,9.85478053456681
"47",2.55519399279729,-22.9252067608166
"48",-1.48864786303602,-27.1201702039299
"49",-3.97668819315732,-182.554455954898
"50",5.74452188936993,122.544556586697
"51",2.57036730600521,-4.779182128716
"52",4.20157186780125,-46.1316222159406
"53",-3.01982632745057,-187.826089954842
"54",2.65496536716819,-1.30192569058828
"55",-0.106060760794207,-0.36536692879784
"56",-3.09042817144655,-191.980354504685
"57",5.18519768770784,51.1364863517638
"58",-1.80235530505888,-81.2786657254513
"59",3.6255518568214,-14.7579203595679
"60",3.33994100289419,-45.539345341472
"61",2.05765124037862,18.5035279553029
"62",3.5335022083018,-90.2981185582311
"63",1.35206605261192,88.5123868397214
"64",-1.39187311124988,-29.159687000363
"65",2.51770815323107,3.11664678719503
"66",2.3957672638353,48.6330337239886
"67",-4.51216508401558,-176.400208361513
"68",1.92627440742217,52.4531985710125
"69",-0.910478133475408,6.13713079122292
"70",-3.74990275478922,-120.468955361524
"71",0.564919210970402,68.4434944652144
"72",1.97532121208496,84.1549125202526
"73",-1.5762675460428,-22.4979552849416
"74",3.84344845917076,-131.630382010011
"75",-0.662383581278846,18.0920171237232
"76",3.28588775149547,-45.6695240109555
"77",-1.55012681125663,-71.9159826617771
"78",-3.01955076958984,-183.73040279702
"79",1.17667268286459,43.7067119989491
"80",-3.59326071944088,-201.294463987439
"81",-4.70632087276317,-75.2846198114938
"82",-4.19527954491787,-214.570362897553
"83",4.71491986326873,-5.69574147490398
"84",-1.00532026658766,0.366840072042139
"85",-0.970287742791697,-54.9688703949837
"86",-3.55372402630746,-179.539316256313
"87",4.40660475450568,-30.9320364250139
"88",-1.36389207397588,-23.4544642606018
"89",3.14515466731973,-109.500918080926
"90",-2.30499976826832,-134.569828683424
"91",-3.17359515372664,-183.809925136312
"92",-1.96372495614924,-118.010938982867
"93",3.82454933435656,-20.7962474678151
"94",2.62520996644162,-23.973681790461
"95",0.961508370703086,55.8018460215103
"96",1.4339500896167,19.6312138931505
"97",3.26950365304947,-8.12204930986137
"98",2.69483113568276,4.49678214743095
"99",4.61907767271623,-32.3702139170624
"100",-1.36145843029954,6.36337385472122
"101",-3.0363742208574,-193.677080761428
"102",2.32787335617468,-17.6039798658296
"103",3.61441724933684,-24.303253266788
"104",-0.656736345728859,24.5887383107457
"105",2.39075184287503,27.0384849657821
"106",1.00126024032943,41.793831937778
"107",5.69580497196876,159.155229171622
"108",4.02039332478307,-48.7447416606691
"109",-2.00647917506285,-97.8621936833598
"110",-2.69518382381648,-220.872893049918
"111",3.64641700522043,-46.8800774819095
"112",2.51118823839352,-23.5730043700249
"113",-3.11303873220459,-165.560176879878
"114",-4.7555319077801,-101.880214603042
"115",2.3800752281677,11.7762205362138
"116",2.18590676179156,-21.8979453293029
"117",4.96252365037799,-20.0604159616874
"118",5.37040381855331,26.1750342923814
"119",4.6309247885365,-63.51725753256
"120",-1.47076974576339,-43.8596513321592
"121",-2.69187399721704,-167.710940233058
"122",-4.76340074022301,-46.843605737593
"123",2.14948023925535,105.351490493789
"124",-1.83739174995571,-86.8641287656688
"125",3.66062175529078,-61.3971724987634
"126",2.8481457058806,-5.4945356079085
"127",-2.44146998319775,-89.5107461223616
"128",-2.22809646674432,-73.8915582936924
"129",4.00421588704921,-49.4997908815961
"130",-3.17429598327726,-197.985002421116
"131",3.64714282122441,-27.4227130395115
"132",5.75876510003582,201.478949313584
"133",5.80349303362891,139.406016665447
"134",-2.88989114318974,-180.545574749507
"135",5.01123565295711,-31.2318488088481
"136",3.40461391443387,-66.3005213772207
"137",0.257313716458157,94.6225622155455
"138",2.86059539066628,-8.80467957505364
"139",-3.30009755631909,-188.874926885653
"140",-2.54391717980616,-160.778130597692
"141",-4.16419207630679,-138.897686583115
"142",0.763747348682955,67.5802426802627
"143",-0.383077908772975,26.0857046906025
"144",3.90438063791953,-32.4231685099302
"145",1.68177932593971,6.84339248092461
"146",5.33798541408032,86.849887817599
"147",1.70052996883169,54.3919997523675
"148",3.48196606035344,2.36797778057726
"149",2.19743753108196,-8.98885180594506
"150",3.08752915984951,-79.7142347650443
"151",5.25630195508711,44.8293732886222
"152",5.53049464011565,124.173854534966
"153",0.904789121588692,59.9425637175436
"154",3.369224967435,-76.275551267208
"155",-1.16434558597393,-79.5639165851461
"156",-2.8443144231569,-199.000684369693
"157",4.44651700765826,-92.3666223122389
"158",-4.58330014394596,-147.862855897006
"159",1.11264674016275,115.104561308781
"160",1.90278739738278,50.8756752154411
"161",-1.80299081280828,-85.5134576984728
"162",5.7326071979478,195.375554926963
"163",-2.12753865425475,-156.363055774473
"164",3.3411719314754,-20.6428169532291
"165",5.5212855390273,92.2585436907841
"166",-0.648794308304787,74.7458395276051
"167",-4.3436311641708,-137.871167895202
"168",-2.29026251425967,-100.936891504264
"169",4.01079260790721,-63.7129149163625
"170",-0.831318488111719,36.4298592932833
"171",0.963335311738774,41.1465599877538
"172",-0.749864256009459,26.7229636179486
"173",-3.0425448094029,-151.517448495626
"174",1.6674602671992,55.7049000754649
"175",-1.92239028844051,-96.2579953904339
"176",-2.03172433911823,-70.7951197754339
"177",-4.7720035535749,-51.7550666370067
"178",-3.21395654324442,-152.755615136165
"179",-4.87746403808706,-42.117192015785
"180",4.78993344772607,-41.9765917399343
"181",-1.08201312460005,3.59898139196702
"182",1.53446250595152,48.5369967544694
"183",-2.10694359568879,-79.5290881272359
"184",-1.39251773920842,-49.1662731940173
"185",4.16911280015483,-98.9702960944772
"186",-2.26312908530235,-152.797197216104
"187",-1.7055258192122,-84.5305384423654
"188",0.26984045561403,46.8380850461766
"189",4.0563800719101,-46.5067253921041
"190",-3.5088352789171,-172.642301168711
"191",-3.77287058904767,-201.264370573377
"192",0.782178225927055,104.290350590913
"193",-2.5344576917123,-194.355075909951
"194",-1.5385284894146,-83.658016505141
"195",2.7739678460639,-29.5356379835446
"196",2.8180600234773,14.9264486837181
"197",-3.89492261898704,-159.180001346075
"198",3.18107775482349,5.66656777424818
"199",0.716998006915674,76.4425628388339
"200",-0.503139259060845,49.8359358037032
"201",1.76497012935579,76.8063740181136
"202",5.62650779425167,114.285303453655
"203",-4.6860973353032,-27.6064904835609
"204",-0.495876138098538,26.6395544584725
"205",5.69018239504658,170.098611113503
"206",-3.01545162615366,-171.353025004559
"207",-2.58285326836631,-182.317028990819
"208",4.23008637712337,-43.8319555201597
"209",4.30079078953713,-98.2316412528487
"210",2.51233375817537,-14.5307157174592
"211",4.05806271336041,-81.2079650911699
"212",1.93489180644974,13.273487561858
"213",-3.01479399786331,-196.255807875202
"214",5.80000395560637,199.211244963036
"215",0.00322500732727349,84.8036180014942
"216",5.96946503012441,258.717547090869
"217",2.03068984812126,25.2393043620904
"218",-4.33401664276607,-139.468760152097
"219",-1.65970237203874,-70.8365817189678
"220",-3.28695501480252,-225.931098972741
"221",-1.76873180363327,-39.1361074818802
"222",-3.87457977095619,-175.809550557644
"223",-2.62832583207637,-149.554410771866
"224",-3.07643507118337,-208.330150291097
"225",0.671640274347737,132.849640243235
"226",-4.80925862956792,-65.9296573109722
"227",4.79928308608942,-72.7154705117337
"228",-3.83500992902555,-153.825953878121
"229",0.135141113307327,18.6568472500086
"230",5.97306529222988,240.884710911379
"231",-1.07477531279437,-35.8163033564034
"232",-3.86014114553109,-196.16228654974
"233",-2.44856818742119,-106.84560837912
"234",-2.49210372730158,-167.76068756855
"235",2.37512592296116,32.2825746100483
"236",-2.11039219493978,-124.334424878043
"237",3.64574583619833,-38.7483561623979
"238",-0.878809893736616,44.8538634682883
"239",2.54791718255728,14.4533294877945
"240",-2.19891773420386,-68.7280825036011
"241",3.76287125260569,-26.8803889478744
"242",5.32856968301348,65.3284851049891
"243",4.81947163073346,-37.6758321392536
"244",0.96923451195471,81.5352252077468
"245",3.48784707137384,-87.5016149361124
"246",5.70853402558714,184.853148122233
"247",2.38460786966607,-27.4561970522369
"248",1.06938929110765,4.16200744799762
"249",-0.0559133049100637,50.687144424708
"250",0.798112450400367,62.4783992570841
"251",1.77251210180111,9.03684361493428
"252",4.65117280790582,-7.33441190955518
"253",0.35033510136418,36.7796017842958
"254",-0.141776001779363,80.5591348523461
"255",4.65940092690289,-33.2731947540695
"256",-4.08786194445565,-178.755071957962
"257",-2.42078122799285,-153.895830956288
"258",4.96282054507174,15.9646100636599
"259",1.66521799680777,42.5522873798701
"260",1.78063734248281,-16.4696265826617
"261",-4.17471335292794,-210.912780021898
"262",-3.27432079496793,-178.372769476366
"263",-4.79232677561231,-36.7977628898459
"264",3.01309824176133,-40.4014777835289
"265",4.12642989610322,-61.5209850529034
"266",0.670062864897773,91.6092621753174
"267",3.7606166426558,-54.4046824904406
"268",1.66609198995866,25.0739303074594
"269",-3.01312442333438,-162.14274616363
"270",1.24148691538721,37.5767964955759
"271",5.31438098615035,63.8006655372826
"272",5.04139135940932,-14.4126666464385
"273",4.30482972320169,-87.5644643128011
"274",1.66785623179749,41.1888578524856
"275",3.83524431753904,-66.0061389201536
"276",-1.48888028366491,-73.00071412774
"277",-2.59367735334672,-150.176211160228
"278",-0.506201070267707,17.3199687580766
"279",-3.14319338346832,-207.797260759247
"280",-0.481157385744154,28.6693014218719
"281",1.70681440248154,38.0133611742634
"282",2.85939327231608,-35.8369819654525
"283",4.22915172856301,-64.3602260571462
"284",4.17159426794387,-57.673508668574
"285",4.0654238644056,-86.3085686483912
"286",3.71469535236247,-37.4033066166155
"287",1.28246439667419,66.2338219336688
"288",4.71750795375556,-34.8485461373134
"289",2.8297414414119,-1.1644383069802
"290",-4.01590942079201,-150.073723672133
"291",-1.67365577979945,-17.1609322248136
"292",-2.95861179102212,-174.338347451642
"293",-4.09755374048837,-189.354928365165
"294",-0.915897064143792,-22.9726533750617
"295",3.24068695516326,-56.9111474508301
"296",-0.208314284216613,16.4209144520022
"297",4.08809199440293,3.62815986512567
"298",-3.48560944595374,-135.813043684549
"299",4.0055289871525,-86.3499870094947
"300",0.155584145337343,60.4901438529542
"301",2.69797502621077,-16.2727083549458
"302",1.91213544784114,1.15965829007557
"303",2.30305219092406,-32.7453132261574
"304",3.35554059944116,-72.8772046971135
"305",-0.935718231601641,-25.0159524247594
"306",4.89254573266953,-9.41723470840863
"307",-1.42926901648752,-20.8220274104822
"308",5.15361589146778,8.7358011592197
"309",4.34144454565831,-23.6681363334244
"310",1.19676023675129,66.0021399457781
"311",-3.2584425364621,-188.545863805966
"312",-2.74834386073053,-112.433459859613
"313",2.7469151057303,-26.5220086551264
"314",2.50081571261398,-46.7704026169314
"315",0.400887181051075,82.1768756455196
"316",0.492463592905551,42.2649400816733
"317",4.55248287878931,-33.049193968724
"318",0.154358272440732,93.7055746907531
"319",-3.34720262722112,-147.030801170136
"320",-3.67527377372608,-169.975233867706
"321",-3.73682655952871,-183.93430239079
"322",-0.662887515733019,67.7787017939544
"323",3.86415395652875,-87.0708010725725
"324",4.54342766618356,-52.2836110037607
"325",3.93645342462696,-72.8058030778215
"326",-3.96597159141675,-184.732431669302
"327",0.608319092541933,30.5527394311463
"328",-3.57685430068523,-226.056248648132
"329",0.200808345340192,86.8883382613675
"330",-1.84456375846639,-49.9781531270204
"331",-3.51702281669714,-180.232373420184
"332",2.42031315038912,5.45298885944398
"333",-3.06614869181067,-164.9242611154
"334",-0.470487504266202,-18.8519928948811
"335",5.52721340861171,138.886534579623
"336",5.19055344536901,64.5961291087346
"337",-4.01928512495942,-242.736199804889
"338",0.419032043311745,93.5896036748875
"339",3.01197757781483,-3.84251429770709
"340",0.995550177525729,63.4126803846624
"341",-3.61717184609734,-193.490550849664
"342",-0.747284302255139,39.4715513093081
"343",-0.218715463997796,8.06065936864749
"344",0.48605432943441,66.5826239094051
"345",-0.823467555455863,-28.4918206953962
"346",-0.562477657571435,39.8213702086443
"347",1.98324123909697,14.761280912069
"348",4.11236470751464,-95.3022389762632
"349",-2.08518991200253,-161.276195011385
"350",-1.15759025141597,-26.2209183752075
"351",-4.58847074932419,-132.986441275232
"352",1.61927962629125,87.6039088112376
"353",-4.93031446170062,-45.007119200479
"354",-4.75044009578414,-94.9281310391457
"355",5.69503210531548,174.067392434622
"356",-2.1214414909482,-187.985765825342
"357",-3.03282666951418,-189.404856525782
"358",-0.56832712306641,22.5910664711826
"359",5.402631851146,-1.28873473818436
"360",-4.59349651215598,-108.711789926461
"361",-1.88271549111232,-84.1919003971602
"362",3.82711534271948,-24.739027938483
"363",0.949748256709427,56.3712781109469
"364",4.4337249500677,-16.0908453612046
"365",-3.80896516772918,-153.857823011852
"366",-3.54449406987987,-227.883188755805
"367",1.1997005501762,65.4596325851005
"368",2.9252684020903,-32.5335720433262
"369",-3.90167800989002,-214.030715010121
"370",-1.33628741116263,-48.3852995935578
"371",5.80933730513789,169.886671472937
"372",2.70801278576255,-43.6189038688522
"373",-1.23782386351377,-79.3706873860364
"374",-4.30495757167228,-131.232526782386
"375",2.45097849238664,-13.7182139291032
"376",-3.95141561469063,-181.974336317747
"377",3.29286780534312,17.7715378863551
"378",4.68373126816005,-32.4016968416645
"379",2.5101927423384,-48.8357737082403
"380",-3.33519754046574,-221.67068049885
"381",-0.86661492427811,22.7945828018667
"382",1.34427844919264,56.4048423764983
"383",5.54280740139075,147.616612252178
"384",5.77372593875043,212.049702003099
"385",-3.18716042628512,-194.418249762839
"386",4.24705644068308,-69.8712373558608
"387",-1.4195892859716,-34.4760766152047
"388",5.23802445665933,33.7119687161969
"389",1.40892045805231,43.4456711165385
"390",0.268774026306346,28.875175334676
"391",2.21064186003059,28.2180226684191
"392",2.3575885547325,-7.90165284316631
"393",-1.41971215396188,-102.507684287926
"394",5.55551892146468,108.155879330623
"395",3.98840208468027,-46.8120701521639
"396",-3.87491199141368,-185.052172844628
"397",5.60848870687187,215.414005601703
"398",2.3529061046429,38.9137543013172
"399",2.32691873586737,46.8190542430835
"400",-3.71455892478116,-216.889851178972
"401",4.40963166253641,-59.4086128022511
"402",-0.784614939475432,67.1280162738339
"403",0.673667611554265,46.8165160348429
"404",-0.325901542790234,52.5126626145958
"405",-4.69961811066605,-115.750898985659
"406",-0.241879273904487,41.5056326269409
"407",0.560486082453281,98.0933290640338
"408",-0.0164421077352017,66.3473802521463
"409",4.71760038775392,-26.5579186700906
"410",-4.54015999496914,-118.328138428452
"411",2.91000497527421,1.17698647517351
"412",-4.75844512181357,-45.1351385505262
"413",1.64906325587071,75.4692711947145
"414",2.91682127001695,-52.4228610330431
"415",1.6235163488891,83.7219691101632
"416",5.83713181479834,177.795225666093
"417",-1.79411872150376,-58.1669684120759
"418",1.69262323155999,43.606601211983
"419",3.1903446377255,-87.8420498412123
"420",1.76514480658807,23.2810010433775
"421",-4.50223745591938,-130.558028934589
"422",4.23056532512419,-74.6924375875774
"423",-3.4396225803066,-235.945525553213
"424",5.22374607133679,23.1942785406389
"425",0.371724053518847,55.1229116755323
"426",-4.58708380139433,-88.755159319766
"427",0.385708845453337,60.8930889437491
"428",2.90078766574152,9.74402944123387
"429",0.0765238695312291,75.9850432563763
"430",5.50432293093763,114.713269838786
"431",-3.38555419514887,-173.55989869103
"432",-4.38483832823113,-166.855484804999
"433",4.662617479451,-69.4833634740545
"434",-2.89968516444787,-169.440967309313
"435",-2.96816656622104,-198.07863602107
"436",-0.884652533801273,15.3313957121203
"437",-0.0179649880155921,43.7644539965129
"438",-3.39998048357666,-186.766590128053
"439",-1.40315156499855,-65.7966962466854
"440",0.712289297487587,14.3905583777513
"441",0.417743755504489,76.5620409320363
"442",4.12218825356103,-87.4072296306727
"443",5.65237398026511,171.268887973832
"444",2.55262630688958,17.7597719532696
"445",-0.919079438317567,11.9657328247819
"446",-1.13446898711845,-30.6320620066148
"447",3.15526619274169,3.99499824510729
"448",4.35515665076673,5.11959822186091
"449",-3.78597203199752,-151.769828546958
"450",0.489159306045622,-24.8950905676093
"451",1.82371288933791,-3.24220712388779
"452",-2.95634157862514,-204.382439873074
"453",-3.85710347304121,-241.264922350677
"454",1.95522011490539,1.04212075021773
"455",5.77523588272743,157.473768128059
"456",0.115922238212079,62.6038323766018
"457",-1.86055556242354,-46.7838494625376
"458",-3.19287178246304,-225.605457084089
"459",5.01583140855655,-1.81508666560898
"460",-4.72824592213146,-75.8073310405685
"461",0.14165305532515,77.9243616400039
"462",-4.40675229299814,-179.972908311695
"463",-0.0991497167851776,34.0176331862784
"464",-2.77242318238132,-192.378260784824
"465",1.43234518636018,29.1071974667454
"466",4.54823579383083,-73.9532583154737
"467",-2.0269799453672,-106.468904128112
"468",2.53720170003362,-46.8673935880072
"469",-4.16599228931591,-177.864019835498
"470",1.02006235183217,87.251364878525
"471",-0.387680241372436,71.7835083628641
"472",-3.6019218089059,-148.509902863328
"473",-4.82655366300605,-54.1860021675144
"474",-4.33611954119988,-115.256643429464
"475",1.05335477250628,54.7831080615036
"476",2.20841442630626,14.8027158399057
"477",-1.72255731420591,-69.4970057509003
"478",-3.08320999844,-185.498297763842
"479",5.41262279567309,80.6694562693439
"480",1.83465771656483,78.7860521203279
"481",3.62764414190315,-117.486730963749
"482",4.19887112826109,-65.0178919643528
"483",-2.02378282160498,-100.652322356786
"484",-2.32330180238932,-71.6795111206906
"485",-1.87964845518582,-161.811665291753
"486",-1.20696897688322,14.4010281790346
"487",-2.93072149739601,-210.222459360552
"488",-4.24422828364186,-189.172120097618
"489",2.26145731424913,8.58123068445182
"490",1.53906726650894,8.9777031581155
"491",-0.350957121234387,4.53891039989177
"492",-1.35651681362651,19.0994448013103
"493",-0.890725107630715,-42.6104601007355
"494",-1.73480345774442,-90.4346724270123
"495",-1.53116004425101,-23.707309066376
"496",4.3754091009032,-100.3750374198
"497",-2.73810153291561,-159.122555806156
"498",5.7115263172891,155.230275352486
"499",2.45177822536789,-12.764799934305
"500",2.85024943668395,-26.5010139647375
"501",-2.93183762556873,-198.586847219084
"502",4.4955336113926,-55.3031872998924
"503",-2.4216814651154,-168.122267637758
"504",5.12876970134676,11.4759523057326
"505",2.98107331246138,-26.0907380867887
"506",-0.626217229291797,-0.387437703571091
"507",-3.52714622067288,-169.851654386091
"508",1.79628158989362,9.53036859389603
"509",5.62683697976172,130.313413892047
"510",-3.33659668709151,-202.185488426682
"511",-0.869253748329356,-11.8388508582937
"512",-3.38479277165607,-205.603868315062
"513",0.929166654357687,35.2042668990684
"514",-1.93595364270732,-88.0879976051113
"515",-0.724149379413575,54.330939377411
"516",1.4676598450169,69.2041923443138
"517",-1.38271715887822,-78.4123647364481
"518",-1.25646165246144,-14.6267025155368
"519",-1.72175570647232,-23.97632797852
"520",0.432679062243551,76.2626976369745
"521",2.23624885128811,12.4012430531039
"522",4.51860395004041,-81.8173984323843
"523",-0.681079933186993,66.7412678720124
"524",3.08842079155147,-3.58033236283983
"525",-2.12438684981316,-156.460881089083
"526",-4.90416891453788,-56.1398745469397
"527",0.723703043302521,73.8656347021826
"528",-0.431983699789271,2.47973970872258
"529",-3.57956631691195,-173.047482513259
"530",3.23419982031919,-106.350419353107
"531",-4.51332977646962,-69.0091659057164
"532",-3.05226049828343,-172.697362358367
"533",-1.05175982601941,-7.01008541367321
"534",2.11181521741673,77.8178650844945
"535",-1.03105050744489,-17.2193819064884
"536",2.43652317859232,-8.48827687444378
"537",3.44093991233967,-51.9259853455246
"538",5.37794688716531,105.597155997751
"539",-2.15670292661525,-115.352126085548
"540",-1.77212292072363,-84.4771512968087
"541",-1.64612624025904,5.38422291926175
"542",-4.39441203791648,-131.701478591338
"543",-0.568266511196271,9.20194870351144
"544",3.12431433121674,-77.6158672700337
"545",2.06664559524506,61.3950748069765
"546",-2.5846077138558,-175.114343369163
"547",-4.56368156499229,-106.496747433056
"548",2.81983259413391,15.0472165046296
"549",-4.61491149570793,-107.280179578339
"550",-2.56653175642714,-101.679636079381
"551",2.48680761433206,31.9360968499656
"552",0.408337956527248,45.3851433351995
"553",3.11661553522572,-9.4117302296065
"554",5.76324545335956,158.042309954227
"555",0.615375534864143,84.0149178267184
"556",-0.679622118594125,-24.9671531984018
"557",-4.1088014068082,-144.138500019632
"558",2.66956560034305,-56.4906033015135
"559",-2.58411878254265,-188.148923841392
"560",0.485748360631987,54.9426985444636
"561",3.11605591909029,-69.3739141340725
"562",-0.663798755500466,21.375161187946
"563",1.43523843889125,37.6721117903933
"564",4.51561095146462,-48.4932923195118
"565",4.63847298966721,-50.3990747640657
"566",2.29554275516421,-4.36437947416462
"567",2.05410424736328,47.3470906400913
"568",0.00438291276805103,85.0393051552938
"569",4.81152745219879,-20.6317860298469
"570",0.908718538470566,87.8179696843856
"571",0.074651890899986,74.2161620912608
"572",5.33782159094699,96.9426865232118
"573",1.02401251136325,14.3594276194962
"574",4.39169826568104,-40.3500131669237
"575",4.46945663611405,-15.2653905092681
"576",1.95669641322456,32.3462523972882
"577",-0.102794624632224,43.6224518008029
"578",-1.17979567870498,-20.0215502317266
"579",-0.0485740771982819,0.681330832978936
"580",-1.35999105242081,-7.06005101568628
"581",2.56509081809781,21.8905834097312
"582",-0.66278721136041,61.2030584878754
"583",-0.367737819440663,56.0918230606491
"584",1.70222488581203,47.7612899158513
"585",4.81344175362028,-33.3284263629637
"586",-4.02310035098344,-166.686474433637
"587",4.49176885513589,-57.0672001291345
"588",-4.91374148707837,-19.9579661997247
"589",-2.91308544087224,-186.126552200642
"590",-1.35246125562117,0.00493184347453735
"591",-0.844758426304907,-16.6938846484284
"592",5.39934493391775,67.3905604240719
"593",-0.390260003041476,41.6872755359491
"594",1.16613378818147,86.721124805936
"595",-0.0579376507084817,47.6582836591117
"596",-1.59862719732337,-120.686612706608
"597",5.64366533560678,134.23026774995
"598",-1.44948113127612,-41.4517123950373
"599",0.561072564916685,83.398920125987
"600",2.56590254744515,-0.126272945271203
"601",4.97065401589498,16.271291810518
"602",2.95800470770337,-38.1092249269679
"603",-1.44479558989406,-46.1970050641147
"604",1.53214565780945,65.4378333768551
"605",-0.0679504263680428,72.4150310674027
"606",-0.507606258615851,-6.50682442865647
"607",-0.776149930665269,-0.67970599898004
"608",-1.31310814223252,-61.4060006554651
"609",-3.04176713037305,-164.588267853723
"610",4.70625255024061,-60.6680390553511
"611",2.1684210235253,18.0300496589936
"612",0.234874152578413,26.8835424933271
"613",3.43465701281093,-48.7797361733667
"614",3.32063626055606,-37.400592786254
"615",-1.16032238281332,-42.5235656703189
"616",-2.84109315555543,-183.234347747809
"617",3.70045171654783,-42.729515889512
"618",4.39699044311419,-37.0008958740782
"619",0.935523890890181,50.0408506933782
"620",0.170566256856546,60.6444241478867
"621",-3.18322839960456,-193.780799706912
"622",2.168083967641,46.3965921177272
"623",-1.80632101837546,-105.079832594786
"624",-3.21467350027524,-193.909761320525
"625",1.31861040042713,82.6007073977559
"626",-0.624619607347995,19.3253684342488
"627",3.86448510643095,-82.4380859658878
"628",-1.93061162298545,-104.923862703735
"629",4.1872588635888,-50.5970251749174
"630",-3.55945120775141,-220.652391919883
"631",5.50338863581419,92.6635966190768
"632",-4.81584904226474,-31.5672232564873
"633",-2.21715451823547,-131.918632041497
"634",5.30871479050256,98.5735258148451
"635",2.57795503060333,-27.457891462945
"636",2.88891302025877,-79.3676357437763
"637",-4.34160211100243,-128.624090347396
"638",-3.8629717270378,-140.340596424187
"639",2.55479039857164,15.072986232887
"640",0.762318618362769,76.5770710128558
"641",-1.61805379088037,-102.629347494584
"642",4.03011474292725,-6.26729270600637
"643",-3.73816984519362,-168.077724242901
"644",0.868788877269253,78.2113872392243
"645",4.6945400221739,39.1320949180332
"646",4.51850454206578,-89.3982500457794
"647",3.94226304395124,-30.7584624136268
"648",-4.23958987742662,-186.149701261338
"649",-3.87081768340431,-181.679693094851
"650",-0.534367605578154,-21.6671855408518
"651",-0.522777497302741,19.0019290666081
"652",-2.94421062991023,-215.023425764611
"653",-1.8171736523509,-40.7814584168937
"654",4.71052622492425,-36.2171614830108
"655",1.73928445484489,33.7810602216444
"656",4.8781048739329,10.4703039215129
"657",-0.838359686546028,-52.4425602540344
"658",1.28751258226112,97.3006306967996
"659",3.79371524928138,-72.795886133869
"660",1.82879327097908,46.7535766188799
"661",-1.87172270915471,-101.184689722396
"662",3.79984961566515,-26.885267052763
"663",3.34493827563711,-32.5919483081929
"664",-0.886990516446531,-21.4719359653126
"665",-0.609503543237224,43.5971451626384
"666",-0.542856381740421,-24.0109456468122
"667",3.87511629424989,-54.7430076248543
"668",-1.30718229338527,-23.3105084170319
"669",-1.23417605389841,-10.6842145215975
"670",-4.81694879964925,-11.0234802138402
"671",-2.23078810656443,-143.203129357589
"672",4.56652185157873,-79.3426190542672
"673",-2.98436105088331,-216.950444635362
"674",2.17163853393868,37.9818086789936
"675",-2.0496361865662,-100.12941514267
"676",3.56961652054451,-75.8708203700138
"677",4.26612716424279,-123.670813018362
"678",4.21539435023442,-49.3867741132731
"679",2.17257120017894,30.727647981817
"680",-1.97328162915073,-112.482182274761
"681",1.2941699072253,75.0342780380784
"682",-2.92211902467534,-157.8343888415
"683",1.97195342439227,20.0389408504833
"684",2.24390954780392,53.8324382722171
"685",3.90881439903751,-51.2831314787589
"686",-1.60272951656953,-99.950287967542
"687",-4.12088598869741,-180.868953843543
"688",3.95819066581316,-39.8460837240775
"689",4.63028015545569,-41.7938375409916
"690",5.58061203849502,126.06937302241
"691",-2.18562404462136,-118.652335025705
"692",1.79052816191688,0.289715300405639
"693",4.05999028915539,-46.5363298490456
"694",2.73136243945919,-3.70438417199001
"695",0.738080524140969,74.9823675766002
"696",2.08181973057799,8.83734200111205
"697",-0.850632104789838,53.2815574842158
"698",-4.93796344357543,-0.25893461343793
"699",2.66059786337428,-11.5282600580348
"700",2.97913166321814,-14.4881623288479
"701",-0.666778246639296,-0.942751987616628
"702",2.0408516486641,24.4170457350299
"703",2.2612147720065,-12.100496318509
"704",-1.00144938193262,15.9527912775345
"705",-1.7422401572112,-85.3663690778336
"706",1.50740960682742,11.5488729616854
"707",-4.26893748878501,-110.739283616289
"708",4.20043663354591,-52.2623331843133
"709",2.95874309376813,45.3831991658888
"710",1.93895138287917,60.4192030782538
"711",-2.04153653676622,-103.400321350844
"712",-3.00543713965453,-180.293745981953
"713",-0.478811834938824,23.4375102901455
"714",-2.23796260450035,-127.837472025381
"715",-0.850986937526613,6.70581274232691
"716",-4.23280946933664,-113.455712203753
"717",-2.07075538951904,-100.99208825217
"718",2.41873723664321,22.5278687029395
"719",-1.52732716943137,-58.4842996232481
"720",3.65905369911343,-59.6215452169984
"721",2.41027787001804,-31.7458742801181
"722",3.54105299361981,-78.0153065586344
"723",1.99193247570656,22.2784016990797
"724",-4.31606181687675,-124.713992625954
"725",1.81896192883141,26.5087410224552
"726",5.1259640653152,37.0232680244515
"727",1.10104675102048,95.0638353499973
"728",-1.83086600084789,-111.470463798712
"729",1.14179714396596,49.5372766387031
"730",3.0998935715761,-51.6563210385706
"731",-0.865460545523092,35.8297483778107
"732",-3.21563902846538,-182.927615030797
"733",3.2112942498643,-55.1882241560738
"734",-0.240650947438553,44.5440472737991
"735",-0.299645805265754,80.6317600251215
"736",-0.742434323066846,55.3787609938328
"737",5.5771043819841,184.60500829633
"738",-4.05990728945471,-138.622923649134
"739",3.49199372902513,-71.7168774840541
"740",2.64484792551957,34.821755764833
"741",-1.38445798680186,-10.4009456784431
"742",-2.26041160617024,-164.153653603791
"743",0.0647577419877052,3.93272225331042
"744",2.11943821143359,37.0222458490706
"745",0.125760446768254,65.6323461425478
"746",1.53100233292207,33.471023967296
"747",-4.34106236160733,-166.682364392911
"748",0.0923946418333799,103.708792356411
"749",-1.79548981343396,-119.242060464501
"750",5.74459499446675,185.102806849762
"751",-0.403825244866312,66.0865898539902
"752",-3.12425442016684,-227.384335047298
"753",-1.24520267103799,-18.2144282963174
"754",0.288138140924275,76.9283164637462
"755",-0.0936877590138465,9.99559375268238
"756",-4.69859471614473,-105.099791728391
"757",0.665740713011473,79.3334395169968
"758",3.51616004994139,-26.6582114696021
"759",5.85608441871591,181.44180446544
"760",-2.6642701565288,-150.269415491079
"761",-2.49438132345676,-167.20946545258
"762",-1.81314922240563,-96.7632540707854
"763",-4.75790658639744,-73.1927814568564
"764",5.14335158653557,35.9038230141744
"765",-3.35319940419868,-199.643816335192
"766",2.01996462815441,9.4533624403785
"767",-3.28664557565935,-196.845635931419
"768",2.86140914843418,-22.8347913965895
"769",2.00358497584239,30.0544796132718
"770",1.23365021753125,44.7729196741991
"771",-2.84746985672973,-138.370266618033
"772",-2.50563353835605,-174.073936478889
"773",-3.04554450022988,-201.926887126054
"774",-0.79012859123759,95.8611064006631
"775",-1.832001529634,-50.4251260604519
"776",-4.46146129537374,-101.459977508899
"777",5.90985863422975,217.936906704165
"778",-0.716662041144446,-35.4498767440246
"779",-1.14244745159522,6.89160417530888
"780",3.87834618263878,-32.707007212353
"781",2.47063415660523,-23.220537872032
"782",-3.4202874219045,-256.123235103103
"783",3.98024392570369,-64.6819370182824
"784",2.2056057783775,38.6043989107499
"785",0.767168620601296,41.1383897206702
"786",-3.83603720366955,-191.309524163539
"787",0.34759381134063,77.5225901539041
"788",4.30921190301888,-61.3562982854027
"789",0.926608057925478,76.7125957754323
"790",5.21881987783127,54.3050123183789
"791",-4.58165641897358,-157.161374325781
"792",3.34996500657871,10.3901824213094
"793",-2.46351674804464,-185.21298186837
"794",0.7160711416509,60.1392313477949
"795",4.85389570775442,-26.1021944475368
"796",4.36714038276114,-59.2023773449334
"797",1.39610253297724,97.1288988893444
"798",4.85836276621558,21.3763335962082
"799",-0.347027945099398,52.3229525220928
"800",-4.36900687194429,-123.37558484524
"801",-1.11564436322078,-4.0720015433929
"802",-0.933678393485025,22.5158687865463
"803",2.78407163941301,55.3130309384994
"804",-3.55255000363104,-157.196789964894
"805",-0.885208208346739,-8.58420570851533
"806",0.942459132522345,91.4893268931798
"807",-0.58353636902757,25.5820707342902
"808",-0.133465875172988,77.690385073974
"809",1.68369994568639,26.6613017444329
"810",-4.02239638916217,-171.026299671165
"811",1.32178153377026,31.5290480097334
"812",4.08481414359994,-66.9201916624116
"813",0.572714236564934,98.3889294293688
"814",0.726532275089994,114.470834610326
"815",-3.8470615670085,-214.161117808206
"816",-2.66444879071787,-146.444437887958
"817",3.14721657219343,-118.312380204243
"818",0.703440584242344,89.7159393631543
"819",-1.79978888435289,-78.6020411117161
"820",3.77087616594508,-81.3668189601521
"821",4.89184149424545,-12.5762770507866
"822",1.07256798236631,102.389733322012
"823",-4.39631880959496,-89.8722593339071
"824",2.02667575492524,5.60112739140092
"825",2.93900626711547,-36.4124906389694
"826",3.20896632224321,-31.4762978010558
"827",-1.5727311919909,-91.8328946922422
"828",0.976831128820777,55.4270939480009
"829",-1.13318285066634,-65.4653440017354
"830",-2.90187374060042,-145.796140678512
"831",-1.63717170595191,-82.2747557127609
"832",2.29463075473905,-0.336052047189192
"833",-3.60941800358705,-184.623026651039
"834",4.72622328298166,-51.1867952993229
"835",1.72632893780246,82.3221620365983
"836",2.87391015328467,-87.4348780686814
"837",-0.00181019841693342,-4.59035554885101
"838",5.85640583885834,146.8589013074
"839",2.20231812610291,4.86003039921612
"840",2.88865927048028,1.51599663747107
"841",2.17249536747113,-20.3016677847024
"842",2.31910147960298,75.7892583644307
"843",2.11482806736603,33.8685582766397
"844",0.839019923005253,39.1240640454096
"845",-3.13188298465684,-179.366228528601
"846",1.08651895448565,25.3544703046308
"847",3.69581109494902,-111.92234727226
"848",-4.00719908322208,-200.243303476551
"849",1.24688342842273,41.0091492642828
"850",-0.739421411650255,1.19694825970835
"851",-2.16824005008675,-99.3051214614521
"852",0.929752849973738,123.255429804133
"853",4.63400881760754,-66.28373015509
"854",3.65347001561895,-68.8503779403788
"855",1.26495376159437,98.0160026256977
"856",1.29790664720349,99.2763147268722
"857",4.84534774371423,12.8861268537384
"858",-0.979850559961051,-9.73298123075837
"859",4.27203646814451,-60.1970772119107
"860",2.79787800973281,41.3291216291869
"861",4.55564130889252,-48.7319135629243
"862",2.14996931399219,-39.6162821093211
"863",-3.8202678959351,-174.801074934322
"864",-2.95448230579495,-147.16592254183
"865",-2.09750729613006,-112.025910416748
"866",-2.66306328470819,-186.618459653083
"867",-0.504147939849645,19.4062435234147
"868",-0.627918882062659,22.3213028339924
"869",-2.0344708589837,-191.565884289711
"870",-0.392402404453605,10.2778859088761
"871",-2.30389940133318,-132.51724584328
"872",-0.927777372300625,-0.39747318220859
"873",0.295443264534697,17.0488165326295
"874",0.962396112037823,56.5188018013923
"875",1.22648553387262,44.5929148177047
"876",1.02217494160868,103.796600987967
"877",-2.4764744292479,-166.371846912471
"878",-2.95195572357625,-188.183092971757
"879",-3.01105921971612,-220.927938430427
"880",-4.35001440648921,-153.115204334024
"881",0.0297816630918533,97.2426707832834
"882",-1.86825105198659,-119.839242807611
"883",2.62142681097612,-50.9914224956724
"884",-0.777970732655376,81.262842862378
"885",4.83204661658965,-29.4327923636699
"886",4.44923355453648,-23.6548356332774
"887",5.12345493212342,-24.595534438596
"888",4.60620763362385,-42.6732879922601
"889",-2.20493615791202,-147.068838529634
"890",-1.89821345405653,-96.3181008209706
"891",0.940524772275239,82.679351055249
"892",-4.18515522661619,-191.355840628861
"893",2.30721035576425,44.5969392742446
"894",-2.97177197108977,-149.919076073446
"895",-3.61604991951026,-203.581497154314
"896",5.27130966261029,94.8259030787014
"897",3.58524698391557,-26.0467246178269
"898",3.36931615159847,-12.4463262994859
"899",4.50230941968039,-42.260254554959
"900",2.89983518910594,-31.3484016615153
"901",0.96271660248749,62.805627019141
"902",1.13932163338177,107.501870869351
"903",-0.116711057256907,14.5254701039357
"904",5.61576865194365,98.1847256023429
"905",5.49857659987174,102.735573667487
"906",-4.27236428763717,-89.8775699776334
"907",-2.6536049337592,-149.012842738984
"908",5.44610957079567,61.3724631671855
"909",-3.28524739714339,-170.215581808021
"910",4.95278415060602,-29.4917643965239
"911",-1.18739183456637,-47.8578583707627
"912",3.51454436173663,-112.484306661757
"913",2.54197806445882,-27.4078250503656
"914",0.367966760415584,69.7604884892644
"915",3.31930268160067,-32.8350633846568
"916",3.87864231923595,-106.283646698362
"917",0.667592343408614,67.7758504585705
"918",2.65750495484099,-15.5066161849584
"919",-2.86905087879859,-133.972045971357
"920",0.638474509585649,42.3177514506777
"921",3.86043785163201,-59.5024622053376
"922",-4.89735323446803,-6.75790202280942
"923",3.32934348634444,17.7680084992808
"924",3.68275603931397,-78.7157345878935
"925",-0.658410909352824,70.774850434339
"926",-0.712556879036129,-42.2377792374434
"927",-1.44458974874578,-47.5945785027842
"928",-3.75926148262806,-182.838228618448
"929",-3.14846196002327,-200.740460993749
"930",-1.76052000164054,-99.0275237643906
"931",2.90931150899269,-57.359622699735
"932",2.16360293817706,27.5298881066647
"933",4.15687122824602,-59.1158815489502
"934",-1.21708219521679,-48.9635370757769
"935",5.91675610933453,226.389584137107
"936",-1.34773957147263,-54.1131677259691
"937",0.115308656357229,36.2715015116544
"938",1.14980136835948,139.830890411244
"939",1.42293850891292,109.684526291936
"940",-2.98115171049722,-155.295092342518
"941",-1.79789045173675,-97.2956505572932
"942",-4.38922701589763,-119.060061139836
"943",-3.11833337601274,-203.304288381978
"944",-0.570380112621933,6.8421324760463
"945",-1.44935419876128,-66.2953719530405
"946",-0.0183842026162893,113.709474406892
"947",4.88299120333977,-2.04831570421532
"948",3.53548194933683,-27.4521982637497
"949",0.397451553959399,11.2636018198695
"950",1.76016864785925,10.1938384301772
"951",3.38562465296127,-4.60046414932973
"952",2.92296486161649,-17.9723423479348
"953",4.06657206825912,-83.7391759128855
"954",0.356251171790063,23.053315788349
"955",4.74083647807129,6.90411632725064
"956",3.976075849263,-75.7483875809322
"957",2.90556451678276,-18.7492545231274
"958",-1.88082288508303,-74.7559297198464
"959",2.96869655093178,-26.2154024375131
"960",-4.34324296750128,-165.272271208799
"961",2.45143925631419,-19.5824188545653
"962",-1.21163520473056,-83.3332392582686
"963",-4.23634058074094,-139.403178135969
"964",-3.89666454307735,-227.593547679573
"965",3.42699102754705,-94.1619423194198
"966",4.89010228239931,-17.6114847979958
"967",-1.40481721330434,-46.4017535541061
"968",3.06412673392333,-18.6881775597355
"969",-0.107773096067831,100.462225810637
"970",1.48742062598467,124.251587876586
"971",-4.32395590469241,-183.553744892672
"972",-0.343713977141306,5.24123071969062
"973",4.4382623936981,-12.0171756932501
"974",1.09664327790961,12.5883819539563
"975",-1.08677928289399,18.9377402958499
"976",-2.09921922162175,-79.5341050226052
"977",-1.84132420946844,-92.1160212875454
"978",4.92549782432616,-5.50302248518074
"979",-3.66241226065904,-236.363959725791
"980",3.85063284309581,-31.7307680548715
"981",2.59599365177564,16.598197931472
"982",-3.27053827210329,-217.683379133274
"983",5.95354812406003,251.878988710472
"984",2.80830186326057,-44.1858062084707
"985",-3.52552260062657,-211.044848019948
"986",2.02211669785902,24.0299056992803
"987",-4.50695579778403,-87.8231160877083
"988",2.87568221171387,-49.00727232149
"989",3.884776373161,-90.7856912288344
"990",2.41160168335773,-6.92817960619999
"991",-1.0677863128949,-66.8591497691713
"992",5.20096829906106,13.6451429067604
"993",-1.97183150053024,-124.346228596192
"994",4.1202565159183,-29.4159366213213
"995",3.56561456969939,-18.764617809606
"996",0.0693875709548593,43.7954756212046
"997",5.6258623288013,179.395322877047
"998",3.87429328565486,-65.661320244548
"999",-2.42281463765539,-132.621132846548
"1000",0.866391914198175,144.190092081038
